TrackID,Predictor
199810_['105760'],1
199810_['105760'],1
199810_['105760'],1
199810_['105760'],0
199810_['105760'],0
199810_['105760'],0
199812_['211361'],1
199812_['211361'],1
199812_['211361'],1
199812_['211361'],0
199812_['211361'],0
199812_['211361'],0
199813_['111874'],1
199813_['111874'],1
199813_['111874'],1
199813_['111874'],0
199813_['111874'],0
199813_['111874'],0
199814_['262193'],1
199814_['262193'],1
199814_['262193'],1
199814_['262193'],0
199814_['262193'],0
199814_['262193'],0
199815_['129866'],1
199815_['129866'],1
199815_['129866'],1
199815_['129866'],0
199815_['129866'],0
199815_['129866'],0
199816_['46627'],1
199816_['46627'],1
199816_['46627'],1
199816_['46627'],0
199816_['46627'],0
199816_['46627'],0
199817_['222966'],1
199817_['222966'],1
199817_['222966'],1
199817_['222966'],0
199817_['222966'],0
199817_['222966'],0
199818_['235999'],1
199818_['235999'],1
199818_['235999'],1
199818_['235999'],0
199818_['235999'],0
199818_['235999'],0
199819_['193003'],1
199819_['193003'],1
199819_['193003'],1
199819_['193003'],0
199819_['193003'],0
199819_['193003'],0
199820_['286335'],1
199820_['286335'],1
199820_['286335'],1
199820_['286335'],0
199820_['286335'],0
199820_['286335'],0
199821_['42811'],1
199821_['42811'],1
199821_['42811'],1
199821_['42811'],0
199821_['42811'],0
199821_['42811'],0
